Timestamp,Milliseconds,X,Y,Z
2019-12-16 18:11:57,3,-0.53503066,3.5925443,9.480368
2019-12-16 18:11:57,28,-0.6646488,3.2716444,9.203063
2019-12-16 18:11:57,53,-0.76762265,3.4577065,9.429763
2019-12-16 18:11:57,78,-0.60120994,3.1798472,9.482861
2019-12-16 18:11:57,103,-0.18773082,2.1671567,9.239138
2019-12-16 18:11:57,128,-0.147579,2.4303124,9.916644
2019-12-16 18:11:57,153,-0.28129235,2.522225,10.3507395
2019-12-16 18:11:57,179,-0.9424877,3.5951796,10.512531
2019-12-16 18:11:57,203,-1.9012249,3.8168006,8.991077
2019-12-16 18:11:57,228,0.030594625,4.2521257,9.404059
2019-12-16 18:11:58,254,0.26914027,3.21404,10.135864
2019-12-16 18:11:58,278,-0.3809484,2.7833843,9.62743
2019-12-16 18:11:58,303,-0.48807436,2.8411136,9.533305
2019-12-16 18:11:58,328,-0.486053,2.8194518,9.063685
2019-12-16 18:11:58,354,-2.1860857,1.5075443,8.122324
2019-12-16 18:11:58,379,-1.5394423,3.675417,7.210947
2019-12-16 18:11:58,403,-0.63966894,3.2765255,7.8962264
2019-12-16 18:11:58,428,-0.9178924,2.3162744,9.733259
2019-12-16 18:11:58,453,0.65553457,2.6430972,10.689679
2019-12-16 18:11:58,479,0.029120235,2.974813,9.761434
2019-12-16 18:11:58,503,0.29528928,3.2367332,9.505682
2019-12-16 18:11:58,528,0.7313148,2.7444515,8.65058
2019-12-16 18:11:58,554,-0.14200135,2.8220081,9.148327
2019-12-16 18:11:58,578,0.7901615,3.0571096,9.394207
2019-12-16 18:11:58,603,-0.0814708,3.7216594,9.449694
2019-12-16 18:11:58,628,1.8921959,2.2074769,8.837808
2019-12-16 18:11:58,654,2.6881657,2.332233,9.248359
2019-12-16 18:11:58,678,3.2219677,2.4512928,9.451258
2019-12-16 18:11:58,704,2.2720075,2.9663641,8.260123
2019-12-16 18:11:58,728,2.551255,3.4325638,6.87451
2019-12-16 18:11:58,753,3.2077863,3.3985546,6.6682997
2019-12-16 18:11:58,779,1.5816594,3.6219623,7.530337
2019-12-16 18:11:58,803,-1.7380892,5.849706,8.019078
2019-12-16 18:11:58,829,1.0999593,3.8683317,5.914839
2019-12-16 18:11:58,853,2.5795076,2.4383,5.5129924
2019-12-16 18:11:58,878,4.486206,2.673021,5.0657244
2019-12-16 18:11:58,904,6.163845,2.850632,6.1637263
2019-12-16 18:11:58,928,6.4933243,2.3024585,7.179019
2019-12-16 18:11:58,953,5.6000686,2.5628908,5.8610177
2019-12-16 18:11:58,978,5.3023005,2.5591688,4.6643667
2019-12-16 18:11:58,1003,6.304082,1.8174613,4.9100194
2019-12-16 18:11:58,1029,6.1232696,1.9464868,4.6747913
2019-12-16 18:11:58,1053,8.300667,1.4942763,3.3945906
2019-12-16 18:11:58,1078,7.8284345,0.99734896,2.4982612
2019-12-16 18:11:58,1104,7.926568,-0.23903172,2.248284
2019-12-16 18:11:58,1128,8.202861,-1.1556617,2.1271381
2019-12-16 18:11:58,1153,9.870459,-1.5880998,1.4760467
2019-12-16 18:11:58,1179,11.636067,-2.050258,2.4176066
2019-12-16 18:11:58,1203,10.743576,-2.8258743,2.1314504
2019-12-16 18:11:58,1228,10.984048,-3.9085853,1.2860558
2019-12-16 18:11:59,1253,14.021838,-3.9687133,1.1337273
2019-12-16 18:11:59,1278,14.423479,-3.9233818,2.105154
2019-12-16 18:11:59,1303,13.825797,-3.9577844,3.2376482
2019-12-16 18:11:59,1328,14.461133,-3.9611065,3.0156298
2019-12-16 18:11:59,1353,14.569025,-3.6387043,2.2713964
2019-12-16 18:11:59,1378,13.919234,-3.4044814,1.4822799
2019-12-16 18:11:59,1403,12.105278,-3.3872507,1.7259278
2019-12-16 18:11:59,1428,12.128987,-3.4994125,2.9471052
2019-12-16 18:11:59,1454,11.098253,-3.3712828,2.342698
2019-12-16 18:11:59,1478,10.664504,-3.3641467,1.7878542
2019-12-16 18:11:59,1503,10.310841,-3.1067417,1.9469839
2019-12-16 18:11:59,1528,9.914148,-3.0111287,1.4157481
2019-12-16 18:11:59,1553,9.268282,-2.3687022,-0.55293256
2019-12-16 18:11:59,1579,9.495926,-1.6447833,-1.0834874
2019-12-16 18:11:59,1603,9.649354,-1.1215656,-0.6890347
2019-12-16 18:11:59,1628,8.7605295,-0.74991405,0.376503
2019-12-16 18:11:59,1653,8.781397,-0.4505967,0.31444374
2019-12-16 18:11:59,1679,10.070467,0.20269674,-1.3177387
2019-12-16 18:11:59,1703,11.105586,1.077065,-2.8176355
2019-12-16 18:11:59,1728,10.501361,1.1403109,-3.1022549
2019-12-16 18:11:59,1754,10.697191,0.64344215,0.16248164
2019-12-16 18:11:59,1778,12.74435,0.6113085,0.21980861
2019-12-16 18:11:59,1803,12.569696,0.72451156,-1.174588
2019-12-16 18:11:59,1828,11.453099,0.477082,-0.2797483
2019-12-16 18:11:59,1854,12.016659,-0.27390298,4.4845514
2019-12-16 18:11:59,1878,15.5780115,0.017867925,4.170087
2019-12-16 18:11:59,1903,15.929771,0.170664,-0.64827657
2019-12-16 18:11:59,1929,15.209506,0.13845444,-0.35420054
2019-12-16 18:11:59,1953,16.740498,-0.094978556,1.9517438
2019-12-16 18:11:59,1978,18.020222,-0.44322577,1.8042734
2019-12-16 18:11:59,2004,18.055658,-0.5557374,1.6617355
2019-12-16 18:11:59,2028,17.989712,-0.6545854,1.754333
2019-12-16 18:11:59,2053,17.551949,-0.5544911,2.0755763
2019-12-16 18:11:59,2079,16.715376,-0.57366914,0.49919403
2019-12-16 18:11:59,2103,15.747743,-0.15823099,-0.03047083
2019-12-16 18:11:59,2128,14.381646,0.3717541,0.48059842
2019-12-16 18:11:59,2154,13.364406,0.54039377,1.1170399
2019-12-16 18:11:59,2178,12.342881,0.9469059,0.9046046
2019-12-16 18:11:59,2203,11.268068,1.0793991,0.51383233
2019-12-16 18:11:59,2229,9.286602,0.9778257,-0.34079975
2019-12-16 18:12:00,2253,8.112642,0.81307185,-0.6680232
2019-12-16 18:12:00,2278,7.0642967,1.0655779,-0.29696515
2019-12-16 18:12:00,2303,6.5830564,1.1969352,0.039400153
2019-12-16 18:12:00,2328,5.5730433,1.3030949,0.48738566
2019-12-16 18:12:00,2353,4.7351575,1.4248599,0.83919233
2019-12-16 18:12:00,2378,4.3659945,1.6252905,0.53139293
2019-12-16 18:12:00,2403,3.7257733,1.4750843,-0.012383495
2019-12-16 18:12:00,2429,3.1305394,1.3195376,-0.42194897
2019-12-16 18:12:00,2453,3.4699285,1.2598759,0.33135062
2019-12-16 18:12:00,2478,3.7440689,1.3190937,0.6662013
2019-12-16 18:12:00,2504,3.7469428,1.2413166,-0.32180637
2019-12-16 18:12:00,2528,3.5782588,1.178542,-0.52657783
2019-12-16 18:12:00,2553,3.6808221,1.2434382,-0.695184
2019-12-16 18:12:00,2579,4.5354853,1.1546965,-0.12654623
2019-12-16 18:12:00,2603,5.207378,0.9583509,-0.056309372
2019-12-16 18:12:00,2628,5.7279034,0.5615575,0.43460292
2019-12-16 18:12:00,2653,6.057271,0.21742284,0.3304166
2019-12-16 18:12:00,2679,7.327614,0.13415945,-0.017170137
2019-12-16 18:12:00,2703,8.888584,-0.11896368,0.14676253
2019-12-16 18:12:00,2728,9.857438,-0.31686145,0.7790075
2019-12-16 18:12:00,2754,11.1011305,-0.516015,0.50717455
2019-12-16 18:12:00,2778,12.830654,-0.8583257,-0.34116492
2019-12-16 18:12:00,2803,14.288102,-1.2608501,-0.38771972
2019-12-16 18:12:00,2828,15.543865,-1.4590863,0.098827645
2019-12-16 18:12:00,2854,16.369125,-2.0081866,0.8837842
2019-12-16 18:12:00,2878,17.671772,-2.5891285,0.9918634
2019-12-16 18:12:00,2903,18.044462,-2.8003445,0.7578973
2019-12-16 18:12:00,2929,18.718044,-2.8178473,1.9034463
2019-12-16 18:12:00,2953,18.09758,-2.851007,2.1218092
2019-12-16 18:12:00,2978,18.31373,-2.727364,0.20732754
2019-12-16 18:12:00,3004,17.519749,-2.0368564,0.18330325
2019-12-16 18:12:00,3028,16.324495,-1.4652317,0.94532675
2019-12-16 18:12:00,3053,16.33798,-0.673135,1.00205
2019-12-16 18:12:00,3078,15.158366,1.1251609,0.55282915
2019-12-16 18:12:00,3104,13.391698,2.1248074,-0.013214951
2019-12-16 18:12:00,3128,10.983947,2.4887264,-0.42824477
2019-12-16 18:12:00,3153,8.932809,2.4118125,0.94927293
2019-12-16 18:12:00,3179,8.869282,2.491646,0.6585502
2019-12-16 18:12:00,3203,8.679234,2.494666,-0.3255268
2019-12-16 18:12:00,3228,8.543309,2.8220193,-0.9496358
2019-12-16 18:12:01,3254,8.665607,3.1112478,-0.6691859
2019-12-16 18:12:01,3278,9.402526,2.7972353,0.52330816
2019-12-16 18:12:01,3303,11.341766,2.8888083,0.5771997
2019-12-16 18:12:01,3329,12.732956,2.8122416,-1.4538605
2019-12-16 18:12:01,3354,11.934893,2.5061793,-1.5838872
2019-12-16 18:12:01,3378,11.454925,2.1418314,0.042463247
2019-12-16 18:12:01,3403,11.90136,1.8166621,1.4794334
2019-12-16 18:12:01,3429,14.0132,1.6206052,1.3446615
2019-12-16 18:12:01,3453,14.7258415,1.6706616,1.1360992
2019-12-16 18:12:01,3478,15.788779,1.5477046,1.1301174
2019-12-16 18:12:01,3503,16.553747,1.239609,1.0669414
2019-12-16 18:12:01,3529,17.753311,1.4479192,1.1002021
2019-12-16 18:12:01,3553,18.682228,1.5599298,0.5626488
2019-12-16 18:12:01,3578,19.071125,1.5284325,-0.44054708
2019-12-16 18:12:01,3603,19.041704,1.4755456,-0.051749486
2019-12-16 18:12:01,3628,18.06619,1.1625115,0.3490455
2019-12-16 18:12:01,3653,17.088558,1.1693562,0.108891554
2019-12-16 18:12:01,3679,15.124149,1.0404638,-0.3839571
2019-12-16 18:12:01,3703,14.230777,0.6327134,-0.09334938
2019-12-16 18:12:01,3728,12.585834,0.690989,1.1954087
2019-12-16 18:12:01,3754,11.367333,0.9422882,1.4372655
2019-12-16 18:12:01,3778,10.002395,1.2351135,1.0873102
2019-12-16 18:12:01,3803,8.931122,0.94285434,0.3045332
2019-12-16 18:12:01,3829,6.8125315,0.3302099,-0.45479265
2019-12-16 18:12:01,3853,5.417366,0.114219606,-0.3710647
2019-12-16 18:12:01,3878,4.4899483,-0.12703523,-0.3257839
2019-12-16 18:12:01,3903,4.0358567,-0.0634698,0.4522643
2019-12-16 18:12:01,3929,3.7964451,0.16914232,-0.33301166
2019-12-16 18:12:01,3953,3.1605372,0.008423245,-1.3584275
2019-12-16 18:12:01,3979,2.7597904,-0.28926563,-1.1635985
2019-12-16 18:12:01,4003,2.7855072,-0.5865914,-0.49461398
2019-12-16 18:12:01,4028,2.9647658,-0.8267449,-0.17426151
2019-12-16 18:12:01,4054,2.952585,-0.8739465,-0.2915649
2019-12-16 18:12:01,4078,3.5214593,-1.0191067,-0.39942467
2019-12-16 18:12:01,4103,4.109448,-1.0436729,-0.8921999
2019-12-16 18:12:01,4128,5.0464816,-0.85459065,-0.45942155
2019-12-16 18:12:01,4154,7.5741825,-0.4821155,0.71624196
2019-12-16 18:12:01,4178,9.474589,-0.20739345,0.5829946
2019-12-16 18:12:01,4203,10.176676,-0.45763093,-0.4064628
2019-12-16 18:12:01,4228,10.692078,-0.7809226,-0.5002176
2019-12-16 18:12:02,4253,12.5913925,-1.0965165,-0.4571061
2019-12-16 18:12:02,4278,15.175132,-1.1660513,-0.22807872
2019-12-16 18:12:02,4303,16.719704,-1.1406507,0.18130025
2019-12-16 18:12:02,4328,19.32562,-1.1369119,1.231895
2019-12-16 18:12:02,4354,20.7308,-1.408175,2.2083678
2019-12-16 18:12:02,4378,19.769272,-1.3027774,2.8195677
2019-12-16 18:12:02,4403,20.209864,-0.41146132,2.185636
2019-12-16 18:12:02,4428,21.191847,1.3783393,2.8237004
2019-12-16 18:12:02,4454,17.344028,1.5410337,1.5176139
2019-12-16 18:12:02,4478,14.94281,1.1420854,-0.23043813
2019-12-16 18:12:02,4503,13.877867,0.9728219,-2.1985908
2019-12-16 18:12:02,4529,13.930336,1.3265339,-2.6443794
2019-12-16 18:12:02,4553,12.658522,1.3808559,-1.1594236
2019-12-16 18:12:02,4578,11.664887,1.2812392,1.5646585
2019-12-16 18:12:02,4603,12.046592,2.1389809,1.7445536
2019-12-16 18:12:02,4629,12.17164,3.0141587,0.8008676
2019-12-16 18:12:02,4653,11.228841,3.2023296,0.5514534
2019-12-16 18:12:02,4678,9.524138,2.8769293,1.4680172
2019-12-16 18:12:02,4703,8.301676,2.7292376,1.6690813
2019-12-16 18:12:02,4729,9.577143,3.0791228,1.0441144
2019-12-16 18:12:02,4753,10.505816,3.1542974,0.2990618
2019-12-16 18:12:02,4778,11.3920355,3.1022599,0.23015031
2019-12-16 18:12:02,4803,12.218454,3.1343398,0.358608
2019-12-16 18:12:02,4829,13.687842,3.199901,-0.1091202
2019-12-16 18:12:02,4853,15.06023,3.2135808,-0.062499266
2019-12-16 18:12:02,4878,16.361649,3.0100894,1.2298051
2019-12-16 18:12:02,4904,18.148067,2.4193242,2.0614846
2019-12-16 18:12:02,4928,18.669641,1.6151531,2.1588392
2019-12-16 18:12:02,4953,18.955791,0.95968276,2.978629
2019-12-16 18:12:02,4979,20.520657,0.6600004,3.5958576
2019-12-16 18:12:02,5003,21.54368,0.57989395,1.7418193
2019-12-16 18:12:02,5028,21.314867,0.20999303,0.8104539
2019-12-16 18:12:02,5053,19.694162,-0.7880923,1.6122795
2019-12-16 18:12:02,5079,17.851091,-1.8690255,1.8218445
2019-12-16 18:12:02,5103,15.382926,-2.308107,0.74546134
2019-12-16 18:12:02,5129,13.970733,-2.031408,0.59815925
2019-12-16 18:12:02,5153,11.956892,-2.1073947,0.7628189
2019-12-16 18:12:02,5179,9.815522,-2.0134957,1.3828499
2019-12-16 18:12:02,5203,7.945507,-1.7722124,1.2204162
2019-12-16 18:12:02,5229,5.7685776,-1.5860405,-0.27740148
2019-12-16 18:12:03,5253,4.435728,-1.283006,-0.35714614
2019-12-16 18:12:03,5278,3.816685,-1.1755304,-0.027509216
2019-12-16 18:12:03,5303,2.799768,-1.069686,-0.31847408
2019-12-16 18:12:03,5328,1.9064792,-1.0863259,-0.18943247
2019-12-16 18:12:03,5353,0.86289483,-1.2096188,-0.7735317
2019-12-16 18:12:03,5379,0.7374713,-1.1367536,-1.0145061
2019-12-16 18:12:03,5403,1.9372017,-0.865824,-0.26672763
2019-12-16 18:12:03,5429,2.5864015,-0.8443594,0.50485575
2019-12-16 18:12:03,5453,2.9739568,-0.7895887,0.75607014
2019-12-16 18:12:03,5478,4.5731297,-0.50274104,0.63946265
2019-12-16 18:12:03,5503,6.923287,-0.12984635,-0.2807574
2019-12-16 18:12:03,5529,8.019243,-0.42570066,-0.32507616
2019-12-16 18:12:03,5553,9.388938,-1.5159377,1.2383523
2019-12-16 18:12:03,5578,10.906039,-2.3750675,0.5326904
2019-12-16 18:12:03,5603,13.126574,-2.8401666,-2.1348011
2019-12-16 18:12:03,5629,15.464254,-2.6878898,-2.8323433
2019-12-16 18:12:03,5653,17.340843,-1.9345769,-0.77460223
2019-12-16 18:12:03,5678,18.236185,-0.97924954,3.2469494
2019-12-16 18:12:03,5703,18.60106,-0.36544004,5.036338
2019-12-16 18:12:03,5729,19.696703,0.24919945,3.3554707
2019-12-16 18:12:03,5753,18.963629,0.8261537,0.7868907
2019-12-16 18:12:03,5778,18.41879,0.9941661,0.81312305
2019-12-16 18:12:03,5804,18.254988,1.6154577,1.1314454
2019-12-16 18:12:03,5828,17.168524,2.1495886,0.28440672
2019-12-16 18:12:03,5853,16.446613,2.6006463,0.23973462
2019-12-16 18:12:03,5878,14.847047,3.2793376,1.0226979
2019-12-16 18:12:03,5904,13.483374,4.103636,1.789303
2019-12-16 18:12:03,5928,12.195508,4.68903,2.2911127
2019-12-16 18:12:03,5953,11.574588,4.971608,1.1280842
2019-12-16 18:12:03,5979,10.676833,5.2058616,0.057181768
2019-12-16 18:12:03,6003,10.269969,5.332646,-0.05273461
2019-12-16 18:12:03,6029,10.889325,5.5057344,7.186914E-4
2019-12-16 18:12:03,6053,10.800245,5.3628187,0.24177569
2019-12-16 18:12:03,6079,10.8670845,4.8221717,0.68201846
2019-12-16 18:12:03,6103,11.380342,4.1590767,1.0716487
2019-12-16 18:12:03,6128,12.743081,3.405133,0.30158982
2019-12-16 18:12:03,6154,13.202966,2.4785123,-0.6216669
2019-12-16 18:12:03,6178,14.012944,1.3908892,-0.14528614
2019-12-16 18:12:03,6203,14.696523,0.76908153,1.3387177
2019-12-16 18:12:03,6228,17.057386,0.556856,0.5944021
2019-12-16 18:12:04,6254,15.773348,0.40288937,1.310829
2019-12-16 18:12:04,6279,16.47107,-0.21874382,4.768544
2019-12-16 18:12:04,6304,17.363012,-0.510871,4.348716
2019-12-16 18:12:04,6328,18.380247,-0.05324849,1.3853313
2019-12-16 18:12:04,6353,18.248985,0.122575976,0.92972225
2019-12-16 18:12:04,6378,16.981815,-0.3482751,2.21528
2019-12-16 18:12:04,6403,15.985376,-0.6603207,1.5518982
2019-12-16 18:12:04,6428,14.633587,-0.9502712,0.98039174
2019-12-16 18:12:04,6454,12.923085,-1.3365028,1.4805017
2019-12-16 18:12:04,6478,10.752906,-1.4739015,1.6316642
2019-12-16 18:12:04,6503,9.718172,-1.5199107,1.0701926
2019-12-16 18:12:04,6528,8.409252,-1.4853109,0.2726712
2019-12-16 18:12:04,6554,6.9153395,-1.4539924,0.53930485
2019-12-16 18:12:04,6578,5.878804,-1.5517949,0.79606664
2019-12-16 18:12:04,6603,4.839903,-1.6749146,0.426484
2019-12-16 18:12:04,6629,3.3432076,-1.793395,-0.4437757
2019-12-16 18:12:04,6654,2.7829456,-1.872031,-0.71819675
2019-12-16 18:12:04,6678,2.5397928,-2.0610816,-0.50432193
2019-12-16 18:12:04,6703,2.7132661,-2.3489304,0.070615776
2019-12-16 18:12:04,6729,3.1996121,-2.6808913,-0.41064516
2019-12-16 18:12:04,6753,4.6733675,-2.6387072,-1.1766238
2019-12-16 18:12:04,6779,5.9605184,-2.6233194,-0.95681804
2019-12-16 18:12:04,6803,7.1543837,-2.994847,-0.4584925
2019-12-16 18:12:04,6829,9.749207,-2.9188745,-0.5556724
2019-12-16 18:12:04,6853,11.042484,-2.8071969,-1.5207944
2019-12-16 18:12:04,6879,12.311726,-2.8481321,-0.94423455
2019-12-16 18:12:04,6903,14.58439,-2.5186367,1.1356887
2019-12-16 18:12:04,6928,16.451887,-1.6405196,2.3679967
2019-12-16 18:12:04,6954,16.685228,-1.2855998,1.8540547
2019-12-16 18:12:04,6979,17.733232,-0.7037832,2.1062222
2019-12-16 18:12:04,7003,18.817232,0.23280658,2.2311754
2019-12-16 18:12:04,7028,19.217152,1.3082098,1.9431598
2019-12-16 18:12:04,7053,17.971394,1.9486147,1.9551544
2019-12-16 18:12:04,7079,16.707645,2.5076957,2.2732985
2019-12-16 18:12:04,7103,16.501528,3.5049863,2.1203606
2019-12-16 18:12:04,7128,15.523471,4.434284,1.337781
2019-12-16 18:12:04,7153,13.635313,4.783859,-0.2121281
2019-12-16 18:12:04,7179,12.017444,4.813335,-0.16081876
2019-12-16 18:12:04,7203,11.074837,4.837297,0.11352901
2019-12-16 18:12:04,7228,10.7772,5.006496,-0.37869665
2019-12-16 18:12:05,7254,10.279814,4.9490657,-0.26132172
2019-12-16 18:12:05,7278,10.377798,4.833962,0.13811836
2019-12-16 18:12:05,7303,10.558524,4.463261,0.5251584
2019-12-16 18:12:05,7328,10.832932,4.042714,0.9111569
2019-12-16 18:12:05,7354,11.589473,3.8518758,1.4834038
2019-12-16 18:12:05,7378,12.651841,3.6174433,1.1016037
2019-12-16 18:12:05,7404,13.379709,3.408279,0.61707014
2019-12-16 18:12:05,7428,14.088905,3.0961363,0.37400046
2019-12-16 18:12:05,7453,14.599708,2.735096,0.88474077
2019-12-16 18:12:05,7478,15.897142,2.6549664,2.4056249
2019-12-16 18:12:05,7503,17.419535,2.6860025,3.3287268
2019-12-16 18:12:05,7528,18.618717,2.5987651,3.1691828
2019-12-16 18:12:05,7553,19.354605,1.8881117,2.3699703
2019-12-16 18:12:05,7579,18.654253,0.7767182,1.6851338
2019-12-16 18:12:05,7603,17.914513,-0.18293242,1.7804164
2019-12-16 18:12:05,7629,17.24993,-0.799908,2.458515
2019-12-16 18:12:05,7653,16.82445,-0.98958695,2.5425842
2019-12-16 18:12:05,7678,15.788218,-1.05018,1.6339662
2019-12-16 18:12:05,7703,13.667749,-1.2519994,1.1032199
2019-12-16 18:12:05,7729,11.154013,-1.7000062,1.6135815
2019-12-16 18:12:05,7753,8.916411,-1.6545826,1.5787829
2019-12-16 18:12:05,7778,7.523255,-1.3802485,0.6384474
2019-12-16 18:12:05,7803,6.2192903,-1.0005465,-0.07000056
2019-12-16 18:12:05,7829,5.141873,-0.8557988,-0.25989282
2019-12-16 18:12:05,7853,4.4012666,-0.69202113,-1.1901089
2019-12-16 18:12:05,7878,3.7129,-0.6063352,-0.7772292
2019-12-16 18:12:05,7904,3.1294854,-0.72912717,-0.5272934
2019-12-16 18:12:05,7928,2.7590623,-0.8885215,-0.4808434
2019-12-16 18:12:05,7953,2.643831,-0.9986929,-0.032954413
2019-12-16 18:12:05,7979,2.9403288,-0.8807832,0.26496497
2019-12-16 18:12:05,8003,2.6287413,-1.1053039,0.39062315
2019-12-16 18:12:05,8029,4.065903,-1.1492249,0.47290775
2019-12-16 18:12:05,8053,6.1815658,-0.86783224,0.10291808
2019-12-16 18:12:05,8078,7.2909827,-1.0353621,0.14151815
2019-12-16 18:12:05,8104,7.810854,-2.449078,-0.7166717
2019-12-16 18:12:05,8128,10.020296,-3.0391397,-1.1156633
2019-12-16 18:12:05,8153,13.225084,-2.7896605,-2.0811963
2019-12-16 18:12:05,8179,16.074497,-1.9724016,-0.8164776
2019-12-16 18:12:05,8203,16.950247,-1.2215564,1.2736495
2019-12-16 18:12:05,8228,18.248417,-0.9480231,3.0771892
2019-12-16 18:12:06,8253,18.87955,-0.08328926,2.6846294
2019-12-16 18:12:06,8279,18.541002,0.31957218,1.4894379
2019-12-16 18:12:06,8303,19.038755,0.80749166,1.2303067
2019-12-16 18:12:06,8329,18.647743,1.3056713,0.43400222
2019-12-16 18:12:06,8353,17.315767,1.7828435,-0.07458251
2019-12-16 18:12:06,8379,16.073778,2.2048688,0.7504458
2019-12-16 18:12:06,8403,15.026556,2.7346003,0.8367702
2019-12-16 18:12:06,8429,13.62824,3.4409173,0.54819095
2019-12-16 18:12:06,8454,11.281721,4.003629,1.213223
2019-12-16 18:12:06,8478,10.527896,4.29932,2.7159698
2019-12-16 18:12:06,8503,11.172705,5.1147003,2.4048872
2019-12-16 18:12:06,8529,10.887822,5.727763,-0.513402
2019-12-16 18:12:06,8553,10.800875,5.8788877,-0.7697006
2019-12-16 18:12:06,8579,11.044406,5.71509,0.111488126
2019-12-16 18:12:06,8603,11.399634,5.4173937,0.11653174
2019-12-16 18:12:06,8628,11.948852,4.924695,-0.25882074
2019-12-16 18:12:06,8654,12.64372,4.4522786,0.11944684
2019-12-16 18:12:06,8679,13.076372,4.0684032,0.50332093
2019-12-16 18:12:06,8703,14.382994,3.28651,0.26053357
2019-12-16 18:12:06,8728,14.4975815,2.3843477,0.12859872
2019-12-16 18:12:06,8753,15.601954,2.001941,1.6279514
2019-12-16 18:12:06,8779,18.225061,2.1276278,2.9639692
2019-12-16 18:12:06,8803,20.079432,1.7509515,2.9781444
2019-12-16 18:12:06,8828,20.640657,1.2751068,2.7333314
2019-12-16 18:12:06,8854,20.6639,0.5414807,1.7790527
2019-12-16 18:12:06,8878,19.810152,-0.61616766,0.22647056
2019-12-16 18:12:06,8903,18.621548,-1.3791137,0.4935805
2019-12-16 18:12:06,8928,17.908876,-1.6888558,1.1481797
2019-12-16 18:12:06,8954,16.668177,-1.4683381,0.6919776
2019-12-16 18:12:06,8978,14.911323,-1.5616835,0.9094703
2019-12-16 18:12:06,9003,12.599734,-1.78858,1.39886
2019-12-16 18:12:06,9028,10.145011,-1.6607618,1.5157168
2019-12-16 18:12:06,9054,8.197158,-1.4420503,1.0247468
2019-12-16 18:12:06,9078,6.620622,-1.2490344,0.1984385
2019-12-16 18:12:06,9103,5.0676837,-1.116298,0.01574078
2019-12-16 18:12:06,9129,3.9164817,-0.8531538,-0.51124704
2019-12-16 18:12:06,9153,3.400075,-0.68486625,-0.7885315
2019-12-16 18:12:06,9178,2.663214,-0.7797609,-0.36727062
2019-12-16 18:12:06,9204,2.0677087,-0.7477738,-0.5991317
2019-12-16 18:12:06,9228,1.5658242,-0.7275164,-0.9217516
2019-12-16 18:12:07,9254,1.6426305,-0.7551118,-0.69050115
2019-12-16 18:12:07,9279,2.368375,-0.7955975,0.33585736
2019-12-16 18:12:07,9304,3.3342767,-0.5709067,0.18030518
2019-12-16 18:12:07,9329,3.6831982,-0.3970296,-0.16022074
2019-12-16 18:12:07,9354,5.529725,-0.15393586,-1.0225025
2019-12-16 18:12:07,9379,7.594988,-0.49895954,-0.92398286
2019-12-16 18:12:07,9404,8.004775,-1.2259055,0.20753269
2019-12-16 18:12:07,9428,9.481162,-1.7325536,1.2031597
2019-12-16 18:12:07,9453,10.905684,-1.6235712,0.6345125
2019-12-16 18:12:07,9479,13.122057,-0.7533713,-1.2250131
2019-12-16 18:12:07,9503,15.409089,-0.64424455,-0.060915228
2019-12-16 18:12:07,9528,16.398174,-0.68605006,1.8092016
2019-12-16 18:12:07,9554,17.069452,-0.58593637,1.8840269
2019-12-16 18:12:07,9578,18.179852,-0.34650967,0.8092319
2019-12-16 18:12:07,9603,18.620329,-0.0012468375,0.7017353
2019-12-16 18:12:07,9629,18.675196,0.36571798,0.48016307
2019-12-16 18:12:07,9653,17.611504,0.50649464,0.79681534
2019-12-16 18:12:07,9678,16.940992,1.0815603,0.9751517
2019-12-16 18:12:07,9703,15.534123,1.6976286,0.9696984
2019-12-16 18:12:07,9729,14.834936,2.2476778,1.0541631
2019-12-16 18:12:07,9753,14.013816,2.5854888,1.4586663
2019-12-16 18:12:07,9779,13.0234585,3.2439616,1.7878745
2019-12-16 18:12:07,9803,12.955733,3.999106,1.8993596
2019-12-16 18:12:07,9828,12.4334955,4.5159693,1.0619518
2019-12-16 18:12:07,9854,12.004205,4.7280436,0.10851872
2019-12-16 18:12:07,9878,11.8692,4.815968,0.2623332
2019-12-16 18:12:07,9903,11.527569,4.854564,-0.16782725
2019-12-16 18:12:07,9928,11.863261,4.9591646,0.13238676
2019-12-16 18:12:07,9953,11.536741,4.7463436,0.15737496
2019-12-16 18:12:07,9978,11.9024935,4.3552313,0.70089996
2019-12-16 18:12:07,10003,12.966103,4.2397103,0.8087159
2019-12-16 18:12:07,10029,14.469137,3.7648056,0.22899756
2019-12-16 18:12:07,10053,15.111282,3.2733145,0.9874664
2019-12-16 18:12:07,10078,16.670609,2.7608373,1.8375508
2019-12-16 18:12:07,10103,17.46191,1.9845154,2.1027188
2019-12-16 18:12:07,10129,17.9044,1.097762,2.688636
2019-12-16 18:12:07,10153,18.384037,0.59896696,2.6772108
2019-12-16 18:12:07,10178,18.934423,-0.26624215,1.0802671
2019-12-16 18:12:07,10203,19.14076,-0.9290813,0.8098827
2019-12-16 18:12:07,10228,18.66841,-1.3906691,1.0843424
2019-12-16 18:12:08,10254,17.762587,-1.7774965,1.8994958
2019-12-16 18:12:08,10278,16.334831,-2.247589,2.3906298
2019-12-16 18:12:08,10303,14.881828,-2.2771513,2.1241305
2019-12-16 18:12:08,10329,11.674789,-2.5434654,1.4528611
2019-12-16 18:12:08,10354,9.978306,-2.5717087,1.4155513
2019-12-16 18:12:08,10379,7.7883987,-2.4029827,0.64201355
2019-12-16 18:12:08,10404,6.72801,-2.1486816,0.8255813
2019-12-16 18:12:08,10428,5.854054,-1.9299642,0.3241264
2019-12-16 18:12:08,10454,4.742159,-1.6842529,-0.97813463
2019-12-16 18:12:08,10479,4.0612226,-1.5276401,-0.5107721
2019-12-16 18:12:08,10503,3.783312,-1.4767956,0.17809232
2019-12-16 18:12:08,10528,2.9300382,-1.4531897,-0.13599634
2019-12-16 18:12:08,10554,2.9936976,-1.2296335,-0.080979094
2019-12-16 18:12:08,10578,3.2652972,-0.95207226,-0.03089311
2019-12-16 18:12:08,10603,3.5917659,-0.773817,0.34437907
2019-12-16 18:12:08,10628,4.234291,-0.46260017,0.0012086325
2019-12-16 18:12:08,10654,5.6866326,-0.20915076,-1.3625896
2019-12-16 18:12:08,10678,7.386354,-0.87385267,-1.5633465
2019-12-16 18:12:08,10703,8.0192795,-1.2404528,0.8849528
2019-12-16 18:12:08,10729,8.746694,-1.5987604,0.6054591
2019-12-16 18:12:08,10753,10.239263,-1.7728647,-0.5201922
2019-12-16 18:12:08,10779,12.180703,-1.4806287,-0.12518033
2019-12-16 18:12:08,10803,13.793487,-1.2492572,0.076065734
2019-12-16 18:12:08,10829,15.718316,-1.198119,0.26396692
2019-12-16 18:12:08,10853,16.168825,-1.0016555,0.35684118
2019-12-16 18:12:08,10879,16.503317,-0.9851816,4.167415E-4
2019-12-16 18:12:08,10904,17.109798,-0.89664805,0.7806491
2019-12-16 18:12:08,10928,17.234137,-0.6752423,0.9167722
2019-12-16 18:12:08,10953,16.773262,-0.2741945,-0.0793756
2019-12-16 18:12:08,10979,15.67332,-0.06730356,0.26385927
2019-12-16 18:12:08,11003,15.8796215,0.606256,1.1008912
2019-12-16 18:12:08,11028,15.151963,1.47517,0.6195487
2019-12-16 18:12:08,11053,14.003856,1.8393302,0.9742566
2019-12-16 18:12:08,11079,13.570413,2.6269968,1.3788692
2019-12-16 18:12:08,11103,13.0041895,3.2273679,1.1947634
2019-12-16 18:12:08,11128,12.684637,3.833524,1.175646
2019-12-16 18:12:08,11154,12.703579,4.435211,0.78683645
2019-12-16 18:12:08,11178,12.393126,4.8598986,-0.088263795
2019-12-16 18:12:08,11203,12.020611,5.0420847,0.4303965
2019-12-16 18:12:08,11228,12.033093,4.897098,1.5315635
2019-12-16 18:12:09,11253,12.18342,4.626575,1.256769
2019-12-16 18:12:09,11279,12.798596,4.2607617,-0.108648136
2019-12-16 18:12:09,11303,13.354607,3.5893145,-0.66322243
2019-12-16 18:12:09,11328,13.223208,2.525754,-0.04590067
2019-12-16 18:12:09,11354,13.672406,1.6326561,1.6910759
2019-12-16 18:12:09,11378,14.167925,1.3369163,1.340948
2019-12-16 18:12:09,11403,16.191793,1.2569164,1.5404264
2019-12-16 18:12:09,11428,18.569292,1.1785917,1.6348995
2019-12-16 18:12:09,11453,20.112846,0.6307805,0.5287984
2019-12-16 18:12:09,11479,20.557163,-0.4267718,0.10792893
2019-12-16 18:12:09,11504,20.141945,-1.460754,1.3895298
2019-12-16 18:12:09,11528,19.543041,-2.1292098,2.074623
2019-12-16 18:12:09,11554,18.34361,-2.6919558,1.7153543
2019-12-16 18:12:09,11578,15.916855,-3.1732423,1.3847129
2019-12-16 18:12:09,11604,13.95643,-3.335697,1.5503155
2019-12-16 18:12:09,11629,11.974772,-3.1519694,0.9442812
2019-12-16 18:12:09,11653,10.340027,-2.8396688,0.6449446
2019-12-16 18:12:09,11679,9.054609,-2.5964007,1.0062097
2019-12-16 18:12:09,11703,6.938476,-2.403463,1.2872912
2019-12-16 18:12:09,11728,5.6705794,-1.9054543,0.020486522
2019-12-16 18:12:09,11754,4.9587636,-1.489283,-0.8812087
2019-12-16 18:12:09,11778,4.0967407,-1.3821083,-0.8088468
2019-12-16 18:12:09,11803,3.0210109,-1.3382205,-0.8972713
2019-12-16 18:12:09,11829,2.7611892,-1.2080699,-0.66852045
2019-12-16 18:12:09,11853,2.6414137,-1.2135977,-0.16269791
2019-12-16 18:12:09,11879,2.8053908,-1.2495902,0.0724693
2019-12-16 18:12:09,11903,2.6410172,-1.23278,-0.104609996
2019-12-16 18:12:09,11928,3.8607373,-1.132588,-0.42608413
2019-12-16 18:12:09,11953,5.66681,-0.96317947,-0.4896508
2019-12-16 18:12:09,11978,6.419526,-1.2880927,-0.5349577
2019-12-16 18:12:09,12003,7.695029,-2.1845672,-0.14602132
2019-12-16 18:12:09,12029,9.119764,-2.7568078,-0.4987722
2019-12-16 18:12:09,12053,10.802006,-3.1404722,-1.0502164
2019-12-16 18:12:09,12078,11.845726,-2.8165796,-0.6602964
2019-12-16 18:12:09,12103,14.479768,-2.2586515,0.8911809
2019-12-16 18:12:09,12129,15.785657,-1.8929282,1.3844478
2019-12-16 18:12:09,12153,16.837301,-1.2554737,0.383132
2019-12-16 18:12:09,12179,17.915548,-0.7147035,0.45669135
2019-12-16 18:12:09,12203,18.474674,-0.05077481,1.5242547
2019-12-16 18:12:09,12228,18.332367,0.37905073,1.4850677
2019-12-16 18:12:10,12253,17.594707,0.90087456,1.1979151
2019-12-16 18:12:10,12279,16.97965,1.569915,1.2009526
2019-12-16 18:12:10,12303,16.36437,2.4183626,1.0841969
2019-12-16 18:12:10,12329,15.445052,3.0607383,1.7674392
2019-12-16 18:12:10,12353,14.601387,3.5738678,1.3494463
2019-12-16 18:12:10,12379,12.983062,3.9000983,0.6296006
2019-12-16 18:12:10,12403,12.290681,4.214278,0.5608029
2019-12-16 18:12:10,12428,12.559728,4.790143,0.22178802
2019-12-16 18:12:10,12454,11.994373,5.0896697,-0.36337185
2019-12-16 18:12:10,12478,11.514919,5.1762557,0.12685086
2019-12-16 18:12:10,12503,11.630025,5.0537453,1.100643
2019-12-16 18:12:10,12528,12.028009,4.760196,0.44472948
2019-12-16 18:12:10,12554,12.220659,4.3188257,0.33621436
2019-12-16 18:12:10,12578,12.530069,3.6625605,0.3105799
2019-12-16 18:12:10,12603,12.925167,3.0499463,0.04133652
2019-12-16 18:12:10,12628,14.20965,2.3046052,0.72543824
2019-12-16 18:12:10,12653,15.975638,2.2315383,0.45625845
2019-12-16 18:12:10,12679,17.013075,1.7753131,-0.088263795
2019-12-16 18:12:10,12703,18.55146,1.2057232,1.1512148
2019-12-16 18:12:10,12729,19.517683,1.0408498,1.827776
2019-12-16 18:12:10,12753,19.890352,0.07396713,1.2131342
2019-12-16 18:12:10,12778,19.321136,-1.1873267,1.9703645
2019-12-16 18:12:10,12803,18.412271,-2.0002072,3.1873891
2019-12-16 18:12:10,12829,17.46708,-2.1584086,3.494396
2019-12-16 18:12:10,12853,15.955412,-2.195133,2.491928
2019-12-16 18:12:10,12878,13.94732,-2.2706342,2.0826948
2019-12-16 18:12:10,12903,11.767032,-2.4315908,2.0545037
2019-12-16 18:12:10,12929,9.962625,-2.1516047,1.186748
2019-12-16 18:12:10,12953,8.40122,-1.7970821,0.5313221
2019-12-16 18:12:10,12978,7.267673,-1.4884241,0.9910599
2019-12-16 18:12:10,13003,6.579616,-1.1730391,0.7563697
2019-12-16 18:12:10,13029,5.1653943,-0.98311734,-0.7162085
2019-12-16 18:12:10,13053,4.396869,-0.889039,-1.3246635
2019-12-16 18:12:10,13078,3.718661,-0.8096578,-0.37554383
2019-12-16 18:12:10,13103,3.227634,-0.6724623,0.011861134
2019-12-16 18:12:10,13129,3.019946,-0.510207,-0.43552727
2019-12-16 18:12:10,13153,2.9846008,-0.5330281,-0.42503393
2019-12-16 18:12:10,13178,3.1827018,-0.8394242,0.5246707
2019-12-16 18:12:10,13204,3.104149,-1.1073607,0.7058417
2019-12-16 18:12:10,13228,3.67346,-1.2076708,0.41324866
2019-12-16 18:12:11,13253,5.447112,-0.9297388,0.59739
2019-12-16 18:12:11,13278,7.2283363,-1.3410629,0.08073451
2019-12-16 18:12:11,13304,8.220307,-1.7426842,-0.09089694
2019-12-16 18:12:11,13328,9.790059,-2.0695755,-0.29832742
2019-12-16 18:12:11,13353,12.06021,-2.2760613,-1.1309881
2019-12-16 18:12:11,13378,13.848083,-1.4841102,-1.732372
2019-12-16 18:12:11,13404,15.114895,-1.1535722,-0.040458024
2019-12-16 18:12:11,13428,16.28051,-1.1134816,0.99890274
2019-12-16 18:12:11,13456,16.928911,-0.7108364,0.6912051
2019-12-16 18:12:11,13479,17.280321,-0.47604796,0.028491214
2019-12-16 18:12:11,13503,17.312775,-0.5401331,0.3062828
2019-12-16 18:12:11,13528,16.761047,-0.55095065,0.956726
2019-12-16 18:12:11,13553,17.370598,-0.1717532,0.254608
2019-12-16 18:12:11,13578,16.490662,0.6810861,-0.32768297
2019-12-16 18:12:11,13603,15.850503,1.2269766,0.71731776
2019-12-16 18:12:11,13628,15.281718,2.0277545,1.0406857
2019-12-16 18:12:11,13654,13.939591,2.634865,0.40604305
2019-12-16 18:12:11,13678,12.904018,3.0898008,0.26141787
2019-12-16 18:12:11,13703,12.182187,3.4544275,0.513248
2019-12-16 18:12:11,13728,11.759109,3.81501,-0.49244553
2019-12-16 18:12:11,13753,11.496148,4.1623325,-0.49959117
2019-12-16 18:12:11,13778,11.302169,4.3031664,0.0024196478
2019-12-16 18:12:11,13803,11.037126,4.1698,0.46199
2019-12-16 18:12:11,13829,10.717194,4.0501204,1.2315079
2019-12-16 18:12:11,13853,11.300625,4.1435237,2.185798
2019-12-16 18:12:11,13878,12.319661,3.9331021,1.2561928
2019-12-16 18:12:11,13904,12.992476,3.7279396,-0.07965185
2019-12-16 18:12:11,13929,13.596263,3.0478625,-0.46961796
2019-12-16 18:12:11,13953,13.916974,2.2841508,0.24188358
2019-12-16 18:12:11,13978,15.151025,2.095915,2.3077724
2019-12-16 18:12:11,14003,16.782606,1.6747828,2.2426894
2019-12-16 18:12:11,14029,17.925049,1.4437993,-0.53621805
2019-12-16 18:12:11,14053,18.259415,0.9968774,-0.608147
2019-12-16 18:12:11,14079,18.362701,0.18062007,2.9434872
2019-12-16 18:12:11,14103,18.468315,-0.67903167,3.6940684
2019-12-16 18:12:11,14128,18.134342,-0.8206921,1.493573
2019-12-16 18:12:11,14153,17.690664,-0.9524682,0.34018585
2019-12-16 18:12:11,14179,17.152836,-0.7772036,0.21384822
2019-12-16 18:12:11,14203,15.854274,-0.8539863,0.5886329
2019-12-16 18:12:11,14228,13.524072,-1.2538246,1.0423876
2019-12-16 18:12:12,14253,11.290793,-1.2891247,1.0945927
2019-12-16 18:12:12,14279,9.152286,-1.1208636,0.7649862
2019-12-16 18:12:12,14303,8.067445,-1.30316,-0.23379797
2019-12-16 18:12:12,14328,6.9980454,-1.3622164,-0.4983112
2019-12-16 18:12:12,14354,5.6778226,-1.2707376,-0.12946655
2019-12-16 18:12:12,14378,5.310142,-1.216314,0.34561658
2019-12-16 18:12:12,14403,4.4183955,-1.3057047,-0.03370625
2019-12-16 18:12:12,14429,3.1507123,-1.351137,-0.43479577
2019-12-16 18:12:12,14453,2.343829,-1.5058177,-0.17567572
2019-12-16 18:12:12,14478,1.9181699,-1.5489266,-0.051689815
2019-12-16 18:12:12,14503,2.0194464,-1.4656949,0.012867774
2019-12-16 18:12:12,14528,2.7465658,-1.0733969,-0.05838185
2019-12-16 18:12:12,14554,3.557105,-0.64040875,-0.6441702
2019-12-16 18:12:12,14578,5.0295568,-0.24009381,-1.3780694
2019-12-16 18:12:12,14603,7.4165454,0.031245418,-1.2762234
2019-12-16 18:12:12,14628,8.67802,-0.53573066,-0.90765387
2019-12-16 18:12:12,14653,9.845081,-0.6928262,-0.82797515
2019-12-16 18:12:12,14678,10.754783,-1.1613425,-1.0541008
2019-12-16 18:12:12,14703,12.62454,-0.68398196,-0.3159363
2019-12-16 18:12:12,14729,15.097225,0.50321233,0.46409556
2019-12-16 18:12:12,14753,16.31838,1.1538793,0.89022565
2019-12-16 18:12:12,14778,16.242004,1.0297616,1.1306734
2019-12-16 18:12:12,14803,16.118721,1.0765107,0.12525305
2019-12-16 18:12:12,14828,17.23584,1.1491933,0.2965308
2019-12-16 18:12:12,14854,16.85179,1.2418488,-0.21390796
2019-12-16 18:12:12,14878,17.14698,1.4176525,-0.33735216
2019-12-16 18:12:12,14903,16.414925,1.8535029,-0.60402703
2019-12-16 18:12:12,14928,15.482617,2.3371313,-0.7122581
2019-12-16 18:12:12,14954,14.77482,2.776678,-0.4913093
2019-12-16 18:12:12,14978,13.403036,3.1854928,-0.15826821
2019-12-16 18:12:12,15003,12.219967,3.8072174,0.5933429
2019-12-16 18:12:12,15029,11.777379,4.5359745,0.56839055
2019-12-16 18:12:12,15053,11.878349,5.4202356,-0.2725796
2019-12-16 18:12:12,15078,11.75509,5.8617597,-0.78809017
2019-12-16 18:12:12,15103,11.995262,6.3248234,0.01010415
2019-12-16 18:12:12,15129,12.2692175,6.3019285,0.2719869
2019-12-16 18:12:12,15153,12.427992,5.8019214,0.13906065
2019-12-16 18:12:12,15178,11.985947,5.3522196,0.01711972
2019-12-16 18:12:12,15203,12.076727,4.9324245,0.037159655
2019-12-16 18:12:12,15229,12.770892,4.58188,0.3567738
2019-12-16 18:12:13,15253,13.411293,4.0089145,1.0143083
2019-12-16 18:12:13,15278,13.602255,3.1767876,1.742429
2019-12-16 18:12:13,15303,14.618767,3.2455657,2.7437208
2019-12-16 18:12:13,15329,16.668858,3.2143602,2.1421702
2019-12-16 18:12:13,15354,18.214008,3.212249,1.5327287
2019-12-16 18:12:13,15378,18.741901,2.9076626,1.51753
2019-12-16 18:12:13,15403,19.19243,2.1849885,0.933804
2019-12-16 18:12:13,15428,18.512638,1.1941481,0.9628476
2019-12-16 18:12:13,15453,17.97668,0.45018768,1.446641
2019-12-16 18:12:13,15479,16.962837,0.12479692,1.1274923
2019-12-16 18:12:13,15503,15.725631,0.060537223,0.6452647
2019-12-16 18:12:13,15528,14.139136,-0.30939418,0.7145277
2019-12-16 18:12:13,15553,11.206722,-0.79144865,0.9406055
2019-12-16 18:12:13,15579,9.3949,-1.0299841,0.7414975
2019-12-16 18:12:13,15603,7.8588214,-0.834853,0.10514908
2019-12-16 18:12:13,15628,7.218676,-0.75073606,0.07419563
2019-12-16 18:12:13,15654,4.727684,-0.7681538,-0.37643418
2019-12-16 18:12:13,15678,3.6121733,-0.7478915,-0.95363694
2019-12-16 18:12:13,15703,2.7084923,-0.684438,-1.1330025
2019-12-16 18:12:13,15729,2.5256305,-0.62656564,-1.0720115
2019-12-16 18:12:13,15753,2.0087395,-0.60656154,-1.1386464
2019-12-16 18:12:13,15778,2.1275468,-0.39795992,-1.3996335
2019-12-16 18:12:13,15803,1.9468405,-0.31132084,-1.2063687
2019-12-16 18:12:13,15829,2.5862126,-0.37724045,0.15584423
2019-12-16 18:12:13,15853,3.2970326,-0.44445634,0.70085174
2019-12-16 18:12:13,15878,5.4346566,-0.14467287,0.058448486
2019-12-16 18:12:13,15903,6.7898293,-0.06625588,-0.90283525
2019-12-16 18:12:13,15928,8.395394,-0.5086943,-1.0889181
2019-12-16 18:12:13,15954,8.976633,-1.3161634,-1.1638044
2019-12-16 18:12:13,15978,11.541528,-1.5228978,-1.5160407
2019-12-16 18:12:13,16003,13.2894945,-1.0173024,-1.6733086
2019-12-16 18:12:13,16029,15.639537,-0.24090444,0.33767506
2019-12-16 18:12:13,16053,16.115477,0.08742024,1.6109691
2019-12-16 18:12:13,16078,16.004923,0.06723028,0.89560604
2019-12-16 18:12:13,16103,16.746925,0.07960364,0.8311862
2019-12-16 18:12:13,16129,16.256197,5.8301975E-4,0.41429344
2019-12-16 18:12:13,16153,16.561432,-0.15458226,1.144559
2019-12-16 18:12:13,16178,17.195591,0.50227064,1.748269
2019-12-16 18:12:13,16204,16.861897,1.3173181,1.2786916
2019-12-16 18:12:13,16228,16.420645,2.0301208,1.4367278
2019-12-16 18:12:14,16253,15.401378,2.6606936,1.5217779
2019-12-16 18:12:14,16279,14.251985,3.1742349,1.2253221
2019-12-16 18:12:14,16303,13.718193,3.9146962,1.716279
2019-12-16 18:12:14,16328,12.687569,4.267566,1.7790304
2019-12-16 18:12:14,16353,11.738133,4.4795575,0.753225
2019-12-16 18:12:14,16379,11.582283,4.759038,0.15603435
2019-12-16 18:12:14,16403,11.459208,4.961289,-0.45807683
2019-12-16 18:12:14,16428,11.261728,5.0855412,-0.32701138
2019-12-16 18:12:14,16453,11.187265,4.9439645,0.39091623
2019-12-16 18:12:14,16479,11.124356,4.7588277,0.9690184
2019-12-16 18:12:14,16503,11.980888,4.5909195,0.91257167
2019-12-16 18:12:14,16528,13.131322,4.38806,0.5849628
2019-12-16 18:12:14,16554,14.103556,4.060376,-0.81446445
2019-12-16 18:12:14,16578,14.438343,3.469442,-0.8294298
2019-12-16 18:12:14,16603,15.210104,3.210262,0.879685
2019-12-16 18:12:14,16628,16.748001,2.9739902,2.1583211
2019-12-16 18:12:14,16653,18.25959,2.6023595,2.4951375
2019-12-16 18:12:14,16678,19.677582,2.1542442,2.031243
2019-12-16 18:12:14,16703,20.242687,1.3513212,1.4854554
2019-12-16 18:12:14,16729,19.738087,0.33650407,2.4499314
2019-12-16 18:12:14,16753,19.311638,-0.5336905,3.167005
2019-12-16 18:12:14,16778,17.80921,-0.98508537,3.4968317
2019-12-16 18:12:14,16803,16.262499,-1.1298237,2.8325684
2019-12-16 18:12:14,16828,13.935652,-1.3258992,1.6525655
2019-12-16 18:12:14,16854,11.597523,-1.0730844,1.4814391
2019-12-16 18:12:14,16878,10.007697,-0.7454129,1.7628067
2019-12-16 18:12:14,16903,8.633147,-0.7628331,1.2656016
2019-12-16 18:12:14,16928,7.123979,-0.7661457,-0.3790931
2019-12-16 18:12:14,16954,5.9332833,-0.78597355,-0.58485574
2019-12-16 18:12:14,16978,4.7111464,-0.8840548,-0.033330142
2019-12-16 18:12:14,17003,3.9259818,-0.9545755,0.03999325
2019-12-16 18:12:14,17028,3.72013,-0.9128862,-0.38032502
2019-12-16 18:12:14,17054,3.0225363,-0.8569869,-0.91808
2019-12-16 18:12:14,17078,1.9694488,-0.9410429,-0.5241157
2019-12-16 18:12:14,17103,2.2582,-1.0798252,0.37851697
2019-12-16 18:12:14,17129,3.3986552,-0.8772387,0.7295301
2019-12-16 18:12:14,17153,3.507346,-0.7627445,0.5086988
2019-12-16 18:12:14,17178,4.64021,-0.58424294,0.67006534
2019-12-16 18:12:14,17203,5.5091915,-0.8160932,0.3047101
2019-12-16 18:12:14,17229,6.7409005,-1.5109816,-0.42199457
2019-12-16 18:12:15,17253,8.033226,-1.6362644,-0.89309835
2019-12-16 18:12:15,17278,9.091918,-1.9649477,-1.1970733
2019-12-16 18:12:15,17303,10.763218,-2.0242188,-0.34991324
2019-12-16 18:12:15,17329,13.831274,-1.4771343,0.21544383
2019-12-16 18:12:15,17353,16.196514,-0.712548,0.0027646918
2019-12-16 18:12:15,17378,17.158016,-0.31719208,0.17164296
2019-12-16 18:12:15,17404,17.671003,-0.089199096,1.269512
2019-12-16 18:12:15,17428,18.739393,0.8702609,1.2753689
2019-12-16 18:12:15,17453,19.509802,1.953052,-1.1009152
2019-12-16 18:12:15,17478,18.756342,2.3679066,-1.5251067
2019-12-16 18:12:15,17503,17.919817,2.4463067,0.070305504
2019-12-16 18:12:15,17529,16.321758,2.4276133,1.7342443
2019-12-16 18:12:15,17553,15.553997,2.7322836,1.7072849
2019-12-16 18:12:15,17579,14.1225,3.1844184,1.3189896
2019-12-16 18:12:15,17603,13.254018,3.4956288,1.6361914
2019-12-16 18:12:15,17628,12.638054,4.0817347,1.5396645
2019-12-16 18:12:15,17654,12.430178,4.570234,0.7765012
2019-12-16 18:12:15,17678,12.248493,5.0955286,0.25235993
2019-12-16 18:12:15,17703,11.82579,5.3566647,0.5185834
2019-12-16 18:12:15,17729,11.524935,5.5177407,1.5057814
2019-12-16 18:12:15,17753,11.2228155,5.6194806,1.2513571
2019-12-16 18:12:15,17778,11.42487,5.5495157,0.025847023
2019-12-16 18:12:15,17803,12.106236,5.4092884,-0.1651661
2019-12-16 18:12:15,17829,12.786973,4.7141285,-0.6629645
2019-12-16 18:12:15,17853,13.39379,3.6219392,0.113892294
2019-12-16 18:12:15,17878,14.886802,3.6214237,0.88059694
2019-12-16 18:12:15,17903,16.390295,3.8357205,-0.34060633
2019-12-16 18:12:15,17928,17.918272,3.3117769,0.7997319
2019-12-16 18:12:15,17954,19.101944,2.5799983,1.5475758
2019-12-16 18:12:15,17978,19.49744,1.7873904,1.2544512
2019-12-16 18:12:15,18003,19.0607,0.9583747,2.2211947
2019-12-16 18:12:15,18029,19.136349,0.28634542,2.9168704
2019-12-16 18:12:15,18053,18.359274,-0.32925585,2.0589654
2019-12-16 18:12:15,18078,17.185438,-0.76970625,1.0437542
2019-12-16 18:12:15,18103,15.128161,-1.3113196,1.2593896
2019-12-16 18:12:15,18129,13.164052,-1.571703,2.0668378
2019-12-16 18:12:15,18153,11.7827425,-1.5316097,2.000727
2019-12-16 18:12:15,18178,11.241161,-1.2327738,1.0065138
2019-12-16 18:12:15,18203,9.304048,-1.2745129,0.9374194
2019-12-16 18:12:15,18229,7.9108257,-1.323664,1.3871055
2019-12-16 18:12:16,18253,6.042898,-1.2793537,0.86365294
2019-12-16 18:12:16,18278,4.871414,-1.1935279,-0.48469314
2019-12-16 18:12:16,18303,3.7185807,-1.2880837,-0.8819744
2019-12-16 18:12:16,18329,2.549335,-1.4586052,-0.4649547
2019-12-16 18:12:16,18353,2.1748574,-1.5680643,-0.13573466
2019-12-16 18:12:16,18378,2.358888,-1.5759728,0.018723115
2019-12-16 18:12:16,18403,2.4064324,-1.5697823,-0.14399996
2019-12-16 18:12:16,18429,2.4812229,-1.8422195,-0.1390976
2019-12-16 18:12:16,18457,3.7617164,-2.0226924,-0.31627014
2019-12-16 18:12:16,18478,4.863864,-2.5019376,-1.3766332
2019-12-16 18:12:16,18503,6.615487,-2.6670568,-2.6275897
2019-12-16 18:12:16,18528,8.340454,-2.9812646,-3.3515372
2019-12-16 18:12:16,18554,11.644359,-2.4614966,-1.9539465
2019-12-16 18:12:16,18578,14.123089,-1.8014891,0.6287742
2019-12-16 18:12:16,18603,15.161135,-1.3646522,1.4707125
2019-12-16 18:12:16,18629,16.14601,-1.5167053,1.143437
2019-12-16 18:12:16,18653,17.762077,-1.593617,0.8868194
2019-12-16 18:12:16,18678,19.020086,-0.9285244,1.2738284
2019-12-16 18:12:16,18704,19.422361,-0.31334522,1.2573444
2019-12-16 18:12:16,18728,18.007988,-0.23408069,0.8458173
2019-12-16 18:12:16,18753,17.620749,-0.17528753,1.0506566
2019-12-16 18:12:16,18778,17.952085,0.59045875,1.893931
2019-12-16 18:12:16,18803,16.368275,1.4185295,2.1472657
2019-12-16 18:12:16,18829,16.088379,2.4314475,1.8264323
2019-12-16 18:12:16,18853,15.0140705,3.270274,0.47759837
2019-12-16 18:12:16,18878,13.852095,3.79861,0.11507052
2019-12-16 18:12:16,18904,13.417561,4.397332,-0.2628891
2019-12-16 18:12:16,18928,12.9720335,4.9364,-2.1619961
2019-12-16 18:12:16,18953,12.439852,5.2602925,-2.911394
2019-12-16 18:12:16,18979,12.310432,5.3341722,-2.2937963
2019-12-16 18:12:16,19004,12.13343,5.1305323,-1.7427939
2019-12-16 18:12:16,19028,12.195038,4.7475767,-0.5570465
2019-12-16 18:12:16,19054,12.674617,4.19107,0.6909897
2019-12-16 18:12:16,19078,12.819177,3.3798826,0.4266418
2019-12-16 18:12:16,19103,12.982588,2.458339,0.30904886
2019-12-16 18:12:16,19128,13.650805,1.6367664,1.2145991
2019-12-16 18:12:16,19154,15.147869,1.7044268,1.2039948
2019-12-16 18:12:16,19178,17.152767,1.5407933,-0.23249288
2019-12-16 18:12:16,19203,18.442083,1.0718375,0.88190943
2019-12-16 18:12:16,19228,18.794373,0.7820149,2.5937047
2019-12-16 18:12:17,19253,19.673048,-0.45282716,1.7214724
2019-12-16 18:12:17,19279,19.718073,-1.0553137,0.9240905
2019-12-16 18:12:17,19303,19.063042,-1.5733094,1.2932016
2019-12-16 18:12:17,19328,18.323362,-1.6868174,1.6271126
2019-12-16 18:12:17,19354,17.02193,-2.012012,1.9266735
2019-12-16 18:12:17,19378,15.15397,-2.2375019,1.6956874
2019-12-16 18:12:17,19403,13.07165,-2.4221559,1.3447611
2019-12-16 18:12:17,19428,10.57488,-2.4369302,1.8345048
2019-12-16 18:12:17,19454,8.975302,-2.1891732,1.9752799
2019-12-16 18:12:17,19478,7.9596534,-2.0709043,1.3596162
2019-12-16 18:12:17,19503,6.116728,-2.1217437,0.5608206
2019-12-16 18:12:17,19528,4.4040513,-2.1136582,0.79712397
2019-12-16 18:12:17,19554,3.7607362,-2.0079072,1.147381
2019-12-16 18:12:17,19578,3.61616,-1.8973799,0.715981
2019-12-16 18:12:17,19603,2.822518,-1.9712167,0.28494766
2019-12-16 18:12:17,19629,2.48765,-2.10288,0.07316571
2019-12-16 18:12:17,19653,2.9336905,-2.1022723,0.0532813
2019-12-16 18:12:17,19678,3.6067848,-2.075646,-0.18066722
2019-12-16 18:12:17,19704,4.7210355,-1.9090495,-0.20871043
2019-12-16 18:12:17,19728,5.7646627,-1.7476147,-0.79826593
2019-12-16 18:12:17,19753,6.868353,-2.1066177,-1.1468505
2019-12-16 18:12:17,19779,7.684911,-2.1808097,-0.93530136
2019-12-16 18:12:17,19803,10.089081,-2.2388344,-0.38059652
2019-12-16 18:12:17,19828,11.832365,-2.3059695,-0.87255675
2019-12-16 18:12:17,19853,12.728418,-1.9558525,-0.36543775
2019-12-16 18:12:17,19879,14.170657,-1.639999,0.92083603
2019-12-16 18:12:17,19903,15.776616,-1.6394324,1.2442985
2019-12-16 18:12:17,19928,16.90056,-1.429613,1.3977652
2019-12-16 18:12:17,19953,17.444326,-1.0925169,0.38548756
2019-12-16 18:12:17,19978,17.975239,-0.7250297,-0.73496956
2019-12-16 18:12:17,20003,18.37386,-0.42552662,0.05057727
2019-12-16 18:12:17,20029,18.291994,0.09321594,0.8860199
2019-12-16 18:12:17,20053,18.03929,0.94579005,0.47678757
2019-12-16 18:12:17,20078,17.844255,2.3095343,-0.02850114
2019-12-16 18:12:17,20104,16.62861,3.2272656,-0.34436262
2019-12-16 18:12:17,20128,15.746972,3.9075096,-0.25274706
2019-12-16 18:12:17,20153,14.149829,4.2436013,-0.69900924
2019-12-16 18:12:17,20178,13.403011,4.478585,-0.87910914
2019-12-16 18:12:17,20204,12.591033,4.6378846,-1.356689
2019-12-16 18:12:17,20228,12.050319,4.8611507,-1.5686026
2019-12-16 18:12:18,20253,11.823133,4.803333,-1.6550746
2019-12-16 18:12:18,20279,11.285023,4.631033,-0.9659203
2019-12-16 18:12:18,20303,11.805418,4.5509453,0.26581466
2019-12-16 18:12:18,20328,13.149691,4.519795,-0.46833408
2019-12-16 18:12:18,20354,13.986704,4.216722,-1.3569398
2019-12-16 18:12:18,20378,15.286703,3.2448688,-0.67882794
2019-12-16 18:12:18,20403,16.392248,2.768086,0.77498883
2019-12-16 18:12:18,20428,18.198511,2.2029471,0.30606675
2019-12-16 18:12:18,20454,18.98007,1.4098451,0.3048184
2019-12-16 18:12:18,20478,19.184938,0.48341686,0.6038739
2019-12-16 18:12:18,20503,18.873077,-0.6199556,0.5944383
2019-12-16 18:12:18,20529,18.774422,-1.9450247,0.6312811
2019-12-16 18:12:18,20553,18.479616,-2.384347,0.7654907
2019-12-16 18:12:18,20578,17.647173,-2.4621966,0.41809112
2019-12-16 18:12:18,20603,16.405937,-2.3708897,0.5554808
2019-12-16 18:12:18,20628,15.020189,-2.4226236,1.1005999
2019-12-16 18:12:18,20653,13.177372,-2.7490945,1.4991078
2019-12-16 18:12:18,20678,11.310083,-2.8271594,1.8207625
2019-12-16 18:12:18,20703,9.586117,-2.6063278,1.4201789
2019-12-16 18:12:18,20729,7.8059907,-2.2684982,0.8216075
2019-12-16 18:12:18,20754,6.8568783,-2.1289966,0.4222854
2019-12-16 18:12:18,20778,5.644934,-1.9460416,-0.52822083
2019-12-16 18:12:18,20803,4.7048693,-1.9148667,-0.9266316
2019-12-16 18:12:18,20828,3.984916,-1.7713728,-0.43491727
2019-12-16 18:12:18,20854,3.0155265,-1.7262642,-0.7970755
2019-12-16 18:12:18,20878,2.496236,-1.6543535,-1.0431572
2019-12-16 18:12:18,20903,3.0719311,-1.6204839,-0.28649795
2019-12-16 18:12:18,20929,2.9590182,-1.4702834,-0.22695304
2019-12-16 18:12:18,20953,3.519287,-1.2874339,-0.40621868
2019-12-16 18:12:18,20978,4.937813,-0.64563507,-0.6018464
2019-12-16 18:12:18,21003,6.2005773,-0.6183527,-1.0978892
2019-12-16 18:12:18,21029,8.588093,-1.1096147,-1.4998456
2019-12-16 18:12:18,21053,9.805658,-1.5869973,-1.4321352
2019-12-16 18:12:18,21079,10.56263,-1.4620346,-0.7229986
2019-12-16 18:12:18,21103,12.208633,-0.92120767,-0.61316
2019-12-16 18:12:18,21128,13.382782,-0.7989851,0.32552186
2019-12-16 18:12:18,21154,15.227814,-0.20022313,1.2432837
2019-12-16 18:12:18,21178,16.312767,0.37135613,0.91489416
2019-12-16 18:12:18,21203,16.533009,0.50111175,0.17981778
2019-12-16 18:12:18,21228,16.576614,0.55269015,-0.18344267
2019-12-16 18:12:19,21254,16.705013,0.7389385,-0.2319686
2019-12-16 18:12:19,21278,16.647133,1.3330333,-0.09278635
2019-12-16 18:12:19,21303,16.112722,1.8423241,-0.03007989
2019-12-16 18:12:19,21329,15.64606,2.3854194,0.97355425
2019-12-16 18:12:19,21353,15.116562,3.0117164,1.125485
2019-12-16 18:12:19,21378,14.296223,3.967101,1.4733826
2019-12-16 18:12:19,21404,13.6278515,4.74338,1.478714
2019-12-16 18:12:19,21428,12.941743,5.5549545,0.3318939
2019-12-16 18:12:19,21453,12.35539,5.908815,-0.4987432
2019-12-16 18:12:19,21479,11.796787,6.213908,-0.5663258
2019-12-16 18:12:19,21503,11.780067,6.3256135,-0.8039967
2019-12-16 18:12:19,21528,11.825075,6.372981,-0.84641623
2019-12-16 18:12:19,21553,11.749205,6.2608356,-0.8688669
2019-12-16 18:12:19,21578,12.119956,5.952612,-0.08927095
2019-12-16 18:12:19,21604,12.972934,5.355559,0.8122439
2019-12-16 18:12:19,21628,13.919288,4.4957314,2.0603704
2019-12-16 18:12:19,21653,15.563329,4.219837,1.0968267
2019-12-16 18:12:19,21678,17.308802,3.707824,0.6111806
2019-12-16 18:12:19,21703,17.921148,3.080421,0.59303516
2019-12-16 18:12:19,21729,18.147442,2.0006716,0.60645
2019-12-16 18:12:19,21753,18.405773,1.1365775,1.1203592
2019-12-16 18:12:19,21778,18.721294,0.029215613,1.8497008
2019-12-16 18:12:19,21804,18.695635,-0.47578603,1.4238766
2019-12-16 18:12:19,21828,17.97197,-0.8657066,1.1570628
2019-12-16 18:12:19,21853,16.427923,-1.3065176,1.6394608
2019-12-16 18:12:19,21879,14.704423,-1.6648464,1.9896144
2019-12-16 18:12:19,21903,13.201339,-1.8172022,1.9212112
2019-12-16 18:12:19,21928,10.886825,-1.8050146,0.7701396
2019-12-16 18:12:19,21953,9.178046,-1.6681587,-0.023215365
2019-12-16 18:12:19,21979,7.7450776,-1.6289295,0.32971036
2019-12-16 18:12:19,22003,6.2619376,-1.4832737,0.26638904
2019-12-16 18:12:19,22028,5.1582685,-1.199343,-0.29741022
2019-12-16 18:12:19,22053,4.367874,-1.143847,-0.35354343
2019-12-16 18:12:19,22078,3.2412405,-1.2263136,-0.29663575
2019-12-16 18:12:19,22103,2.6854677,-1.4333304,-0.42523578
2019-12-16 18:12:19,22128,2.3304832,-1.4525089,-0.46216497
2019-12-16 18:12:19,22153,2.728016,-1.6393377,-0.05703301
2019-12-16 18:12:19,22179,3.097915,-1.7541984,0.28595987
2019-12-16 18:12:19,22203,3.4568899,-1.775273,0.39239374
2019-12-16 18:12:19,22228,4.193521,-1.9800129,-0.17362441
2019-12-16 18:12:20,22253,6.5265765,-2.1782568,-0.9865829
2019-12-16 18:12:20,22279,9.367187,-2.0987012,-0.7922982
2019-12-16 18:12:20,22303,11.013867,-2.2783291,-0.49554774
2019-12-16 18:12:20,22328,10.990606,-2.062274,-0.010753567
2019-12-16 18:12:20,22353,12.800982,-1.4115726,0.09025974
2019-12-16 18:12:20,22379,14.313905,-0.99952734,-0.4866123
2019-12-16 18:12:20,22403,15.877546,-0.8298482,-0.21903735
2019-12-16 18:12:20,22428,16.210777,-0.60429186,-0.45648915
2019-12-16 18:12:20,22454,16.688837,-0.36151707,-0.74196965
2019-12-16 18:12:20,22478,17.257515,0.11060424,-0.90207523
2019-12-16 18:12:20,22503,17.092209,0.2983197,-0.79681027
2019-12-16 18:12:20,22528,17.579878,0.67844963,-0.20199673
2019-12-16 18:12:20,22554,17.417568,1.9286714,0.054658264
2019-12-16 18:12:20,22578,16.598652,2.8597016,0.24759775
2019-12-16 18:12:20,22603,15.37081,3.9285333,-0.22508779
2019-12-16 18:12:20,22628,13.940766,4.457426,-0.32727137
2019-12-16 18:12:20,22654,12.737448,4.749142,0.15941322
2019-12-16 18:12:20,22678,12.146775,5.219609,-0.100005455
2019-12-16 18:12:20,22703,12.009649,5.759029,-0.28723422
2019-12-16 18:12:20,22728,12.086186,6.134221,-0.70862275
2019-12-16 18:12:20,22754,11.790586,6.268878,-1.1613816
2019-12-16 18:12:20,22778,11.142061,6.0588455,-0.63632137
2019-12-16 18:12:20,22803,11.342539,5.6244063,1.1354476
2019-12-16 18:12:20,22829,11.468167,5.261544,2.316908
2019-12-16 18:12:20,22853,11.714739,4.666411,1.6530693
2019-12-16 18:12:20,22878,12.136014,3.7950509,1.6526799
2019-12-16 18:12:20,22903,14.567802,3.5994165,2.1885397
2019-12-16 18:12:20,22929,16.915394,3.6434262,0.95907867
2019-12-16 18:12:20,22953,18.325861,3.3696318,-0.35674798
2019-12-16 18:12:20,22978,18.824951,2.4876134,-0.7301033
2019-12-16 18:12:20,23004,18.993515,1.0774646,-0.12036392
2019-12-16 18:12:20,23028,18.666567,-0.32105017,0.93924123
2019-12-16 18:12:20,23054,18.413153,-0.9549816,1.1002783
2019-12-16 18:12:20,23078,17.824657,-1.1998464,1.3162103
2019-12-16 18:12:20,23103,16.468382,-1.5216963,1.679654
2019-12-16 18:12:20,23129,14.475966,-1.8879628,1.4702119
2019-12-16 18:12:20,23153,12.430226,-1.8981478,0.97377694
2019-12-16 18:12:20,23178,10.835509,-1.7936358,0.47244808
2019-12-16 18:12:20,23203,9.590279,-1.6969635,0.4739238
2019-12-16 18:12:20,23229,8.795146,-1.6247525,0.60522854
2019-12-16 18:12:21,23254,6.4424486,-1.6222717,0.84160817
2019-12-16 18:12:21,23278,5.1444044,-1.4841393,0.38592106
2019-12-16 18:12:21,23303,4.333078,-1.3078525,-0.14860147
2019-12-16 18:12:21,23328,3.4484682,-1.3665594,-0.09330164
2019-12-16 18:12:21,23354,2.7969651,-1.4647902,-0.31320265
2019-12-16 18:12:21,23378,2.7160811,-1.4823447,-0.37877452
2019-12-16 18:12:21,23403,2.837516,-1.4633989,-0.62117386
2019-12-16 18:12:21,23428,3.0690522,-1.4211642,-1.0204995
2019-12-16 18:12:21,23453,4.0655875,-1.2529185,-1.228048
2019-12-16 18:12:21,23478,4.68008,-1.079731,-1.1472384
2019-12-16 18:12:21,23504,6.1975727,-1.4045691,-0.74935347
2019-12-16 18:12:21,23528,8.673381,-1.4925685,-0.4184027
2019-12-16 18:12:21,23553,10.412663,-1.4430326,-0.86346686
2019-12-16 18:12:21,23579,11.690953,-1.2792434,-0.12202663
2019-12-16 18:12:21,23603,12.030335,-1.0663868,1.5818442
2019-12-16 18:12:21,23628,12.772068,-1.0949829,1.4638308
2019-12-16 18:12:21,23653,14.510875,-1.1409471,0.12523174
2019-12-16 18:12:21,23678,15.60726,-0.97187275,-0.82229066
2019-12-16 18:12:21,23703,16.800512,-0.86303794,-1.6091726
2019-12-16 18:12:21,23728,17.10715,-0.67724425,-1.6985941
2019-12-16 18:12:21,23754,17.023294,-0.56974196,-0.5119332
2019-12-16 18:12:21,23778,17.499937,-0.08982192,-0.12842098
2019-12-16 18:12:21,23803,16.658264,0.40683323,-0.5405758
2019-12-16 18:12:21,23828,16.19209,0.9583588,0.703403
2019-12-16 18:12:21,23854,15.179773,1.7537284,1.193263
2019-12-16 18:12:21,23878,14.090584,2.432301,0.14342822
2019-12-16 18:12:21,23903,13.276449,2.8672283,0.23063311
2019-12-16 18:12:21,23928,12.467021,3.8633566,0.37323052
2019-12-16 18:12:21,23954,12.197724,4.3878145,-0.15882869
2019-12-16 18:12:21,23978,11.839316,4.7335134,-0.9479921
2019-12-16 18:12:21,24003,11.4861145,4.879057,-2.0087278
2019-12-16 18:12:21,24028,11.458354,4.9419985,-2.0970578
2019-12-16 18:12:21,24054,11.657306,4.9649677,-1.680953
2019-12-16 18:12:21,24078,12.19888,4.846276,-0.71648216
2019-12-16 18:12:21,24103,13.311078,4.588254,-0.694099
2019-12-16 18:12:21,24129,14.095928,4.106305,-0.96704626
2019-12-16 18:12:21,24153,14.45312,3.1750748,-0.05068172
2019-12-16 18:12:21,24178,15.266722,2.4765944,2.4605508
2019-12-16 18:12:21,24203,16.618212,2.0868115,2.1981606
2019-12-16 18:12:21,24229,18.284801,1.8040557,1.3411137
2019-12-16 18:12:22,24253,18.566011,1.2181823,1.3070154
2019-12-16 18:12:22,24278,18.362919,0.21621493,1.077879
2019-12-16 18:12:22,24303,18.488016,-0.5743688,1.1128321
2019-12-16 18:12:22,24329,18.60146,-1.1084073,1.15555
2019-12-16 18:12:22,24353,18.256338,-1.2818502,1.0881869
2019-12-16 18:12:22,24378,17.402498,-1.2157599,0.6260047
2019-12-16 18:12:22,24403,15.918726,-1.3535663,0.75539
2019-12-16 18:12:22,24429,13.922379,-1.61447,1.5226737
2019-12-16 18:12:22,24453,11.758578,-1.5285809,1.1854215
2019-12-16 18:12:22,24478,9.445752,-1.2994889,0.6888096
2019-12-16 18:12:22,24504,8.025259,-1.2663932,0.1359636
2019-12-16 18:12:22,24528,6.364077,-1.0748737,-0.3570942
2019-12-16 18:12:22,24554,5.7592497,-0.7252354,-0.49787918
2019-12-16 18:12:22,24578,5.162853,-0.62472457,-1.03029
2019-12-16 18:12:22,24603,4.0652614,-0.81473744,-1.0301975
2019-12-16 18:12:22,24629,3.4193015,-1.0333917,0.16972017
2019-12-16 18:12:22,24653,2.4627075,-1.098716,-0.082958445
2019-12-16 18:12:22,24678,2.556381,-1.193977,-0.690575
2019-12-16 18:12:22,24703,2.5602002,-1.3901687,4.6977442E-5
2019-12-16 18:12:22,24729,2.6888885,-1.4865218,0.21578942
2019-12-16 18:12:22,24753,3.2816284,-1.4002578,-0.03974307
2019-12-16 18:12:22,24778,4.89113,-1.2288724,-0.0039129173
2019-12-16 18:12:22,24804,6.1664824,-1.1665924,-0.61116815
2019-12-16 18:12:22,24828,7.424567,-1.3728514,-0.88050437
2019-12-16 18:12:22,24853,9.412585,-1.5223254,-0.98320407
2019-12-16 18:12:22,24879,10.887349,-1.7397556,-1.5058439
2019-12-16 18:12:22,24903,12.533066,-1.6939547,-1.338541
2019-12-16 18:12:22,24928,14.607515,-1.5254052,-0.03336783
2019-12-16 18:12:22,24954,15.6738615,-1.5541555,0.42220238
2019-12-16 18:12:22,24978,16.978619,-1.1778595,0.74569154
2019-12-16 18:12:22,25003,17.95139,-0.6743085,0.36491248
2019-12-16 18:12:22,25028,18.383455,-0.349437,-0.01017886
2019-12-16 18:12:22,25054,18.155132,-0.3532745,-0.4987404
2019-12-16 18:12:22,25078,17.281702,-0.27759132,-1.3158216
2019-12-16 18:12:22,25103,17.006191,0.2628879,-0.61095077
2019-12-16 18:12:22,25129,16.769665,1.1220351,-0.33985597
2019-12-16 18:12:22,25153,15.518144,1.847178,-0.36112115
2019-12-16 18:12:22,25179,14.835911,2.4231958,0.4831508
2019-12-16 18:12:22,25203,13.937617,3.0176528,0.68349254
2019-12-16 18:12:22,25228,12.909524,3.59651,0.60291755
2019-12-16 18:12:23,25253,12.1727085,4.2327986,-0.28410643
2019-12-16 18:12:23,25278,12.073866,4.759078,-1.3101591
2019-12-16 18:12:23,25303,11.740947,5.125704,-1.7814037
2019-12-16 18:12:23,25328,11.492525,5.1482244,-1.1540767
2019-12-16 18:12:23,25353,10.928447,5.053364,-0.18317148
2019-12-16 18:12:23,25379,11.525214,4.930058,0.96383834
2019-12-16 18:12:23,25404,12.723982,4.7775874,0.88011
2019-12-16 18:12:23,25428,13.09987,4.3397913,0.1930649
2019-12-16 18:12:23,25453,14.289102,3.1432984,0.6797358
2019-12-16 18:12:23,25478,15.741087,2.7655628,0.9882785
2019-12-16 18:12:23,25504,17.063534,2.414202,0.869266
2019-12-16 18:12:23,25528,17.981258,1.7599329,2.1460257
2019-12-16 18:12:23,25553,19.186094,0.89991707,1.8094027
2019-12-16 18:12:23,25579,19.582361,-0.16734171,-0.31168383
2019-12-16 18:12:23,25603,19.357517,-1.3322656,-0.10977581
2019-12-16 18:12:23,25628,18.995018,-1.9469672,0.84140277
2019-12-16 18:12:23,25654,18.805702,-2.2877617,1.5461289
2019-12-16 18:12:23,25678,18.114424,-2.3610642,1.1105832
2019-12-16 18:12:23,25703,16.469004,-2.5163836,1.7756422
2019-12-16 18:12:23,25728,14.7395935,-2.504759,1.7466773
2019-12-16 18:12:23,25754,13.18116,-2.2344816,0.7522219
2019-12-16 18:12:23,25778,10.975766,-2.0963106,-0.14632775
2019-12-16 18:12:23,25803,8.745535,-1.9860395,-0.2211265
2019-12-16 18:12:23,25829,7.251336,-1.6344261,0.90016407
2019-12-16 18:12:23,25853,6.2653403,-1.3776419,0.42363247
2019-12-16 18:12:23,25878,5.0367713,-1.2373272,-0.27135134
2019-12-16 18:12:23,25903,3.6026886,-1.1035583,-0.26733312
2019-12-16 18:12:23,25929,3.1441958,-1.0164472,0.076996714
2019-12-16 18:12:23,25953,2.5915759,-0.9641626,0.116335675
2019-12-16 18:12:23,25978,2.6283643,-0.8344306,-0.20511281
2019-12-16 18:12:23,26004,2.1049569,-0.9663635,0.16556326
2019-12-16 18:12:23,26029,1.945168,-1.0764744,0.2655995
2019-12-16 18:12:23,26054,2.8599102,-0.9201294,-0.37944993
2019-12-16 18:12:23,26078,4.039232,-0.7946144,-0.8253807
2019-12-16 18:12:23,26103,5.1320634,-0.6332651,-1.2023739
2019-12-16 18:12:23,26129,6.235262,-0.97211844,-1.1003577
2019-12-16 18:12:23,26153,9.347679,-1.2125211,-1.5004774
2019-12-16 18:12:23,26178,10.409265,-1.8005853,-1.6445364
2019-12-16 18:12:23,26203,11.439419,-2.305096,0.041068956
2019-12-16 18:12:23,26230,13.276732,-1.9185836,1.0496817
2019-12-16 18:12:24,26254,14.803636,-1.5173757,0.083166465
2019-12-16 18:12:24,26278,16.033144,-1.3082229,-0.48482904
2019-12-16 18:12:24,26303,17.420567,-0.689596,0.16714199
2019-12-16 18:12:24,26328,17.955425,-0.4036031,0.27840728
2019-12-16 18:12:24,26354,18.05393,-0.2694467,-0.13054712
2019-12-16 18:12:24,26378,17.633738,-0.18312569,-0.35387242
2019-12-16 18:12:24,26403,17.36518,0.23597044,-0.19612156
2019-12-16 18:12:24,26429,17.538898,0.7957644,-0.27122894
2019-12-16 18:12:24,26453,16.12134,1.1470221,-1.3334086
2019-12-16 18:12:24,26478,14.117759,1.2506956,-0.78784865
2019-12-16 18:12:24,26503,13.587723,1.7737956,0.6226781
2019-12-16 18:12:24,26529,13.66789,2.6215491,0.7565671
2019-12-16 18:12:24,26553,13.096356,3.5528047,0.21866553
2019-12-16 18:12:24,26578,13.002119,4.278618,-0.09844124
2019-12-16 18:12:24,26603,12.49705,4.7196236,0.14036903
2019-12-16 18:12:24,26629,12.185651,4.963569,0.45349276
2019-12-16 18:12:24,26653,11.58558,4.921885,0.4057504
2019-12-16 18:12:24,26678,10.830961,4.715574,0.6785212
2019-12-16 18:12:24,26704,10.862983,4.413759,1.0328804
2019-12-16 18:12:24,26728,11.265419,4.219159,0.5361298
2019-12-16 18:12:24,26753,12.385565,3.9554746,-0.57149035
2019-12-16 18:12:24,26779,12.696643,3.1647525,-0.0057965945
2019-12-16 18:12:24,26804,13.451185,2.6354353,1.3709232
2019-12-16 18:12:24,26828,15.346614,2.5656872,0.3712912
2019-12-16 18:12:24,26853,16.698486,2.1685057,0.007631352
2019-12-16 18:12:24,26878,18.403776,1.6473016,0.36488536
2019-12-16 18:12:24,26904,19.437017,0.9535703,0.2047757
2019-12-16 18:12:24,26928,19.714787,-0.13283736,0.033440966
2019-12-16 18:12:24,26953,19.555468,-0.9328661,1.204479
2019-12-16 18:12:24,26978,19.89557,-1.4315473,1.2223194
2019-12-16 18:12:24,27004,19.460136,-1.691895,1.0787858
2019-12-16 18:12:24,27028,17.91485,-1.8433421,1.4558736
2019-12-16 18:12:24,27053,16.59821,-1.9267721,1.8566809
2019-12-16 18:12:24,27079,14.563223,-1.9006456,1.1561792
2019-12-16 18:12:24,27103,12.827412,-1.5518196,0.33906552
2019-12-16 18:12:24,27128,11.158915,-1.4235772,0.3961268
2019-12-16 18:12:24,27153,9.120334,-1.4328357,0.56973934
2019-12-16 18:12:24,27179,7.381766,-1.3279905,0.49414834
2019-12-16 18:12:24,27203,6.299994,-1.0486437,-0.17335911
2019-12-16 18:12:24,27229,4.8561225,-0.98318046,-0.55225885
2019-12-16 18:12:25,27253,3.7786052,-0.9627523,-0.5100632
2019-12-16 18:12:25,27278,2.604511,-0.97103626,-0.28739303
2019-12-16 18:12:25,27303,1.9590592,-1.0751011,-0.040858045
2019-12-16 18:12:25,27329,2.1693363,-1.0557543,-0.66810936
2019-12-16 18:12:25,27353,1.6254387,-1.1828014,-1.1540744
2019-12-16 18:12:25,27378,1.2035394,-1.3191088,-1.0246042
2019-12-16 18:12:25,27404,2.241856,-1.0254235,-0.68561566
2019-12-16 18:12:25,27428,3.2900488,-0.8577945,-0.4153475
2019-12-16 18:12:25,27453,4.985844,-1.0699742,-1.5513427
2019-12-16 18:12:25,27479,6.1511154,-1.5218918,-1.9698867
2019-12-16 18:12:25,27504,7.125091,-1.94398,-0.11315702
2019-12-16 18:12:25,27528,9.188873,-2.543764,-0.060816046
2019-12-16 18:12:25,27553,10.866896,-2.7039218,-1.145286
2019-12-16 18:12:25,27579,12.930432,-1.9980928,-0.40725863
2019-12-16 18:12:25,27603,15.808386,-1.1532286,0.66199464
2019-12-16 18:12:25,27629,17.54171,-0.49804512,-0.5900381
2019-12-16 18:12:25,27653,18.456715,-0.2791378,-0.99518853
2019-12-16 18:12:25,27679,19.237339,0.23470739,0.4922356
2019-12-16 18:12:25,27703,19.663328,0.8465789,0.8653728
2019-12-16 18:12:25,27728,19.092426,1.4072901,-0.0728994
2019-12-16 18:12:25,27753,17.864563,1.7420033,-0.51261014
2019-12-16 18:12:25,27779,17.228006,2.151878,0.021251876
2019-12-16 18:12:25,27803,16.063328,2.7043455,-0.22408591
2019-12-16 18:12:25,27828,14.730307,3.094194,-0.8071817
2019-12-16 18:12:25,27854,13.796672,3.1325066,-0.49909303
2019-12-16 18:12:25,27878,12.399391,3.0716984,-0.1011078
2019-12-16 18:12:25,27903,11.999118,3.1760654,-0.31894866
2019-12-16 18:12:25,27929,11.195598,3.2094815,-0.436227
2019-12-16 18:12:25,27953,11.526335,3.2430553,-0.42660195
2019-12-16 18:12:25,27979,11.683998,3.2381077,-0.7138637
2019-12-16 18:12:25,28003,11.797551,3.1646152,-0.7350045
2019-12-16 18:12:25,28028,11.7607355,2.8465426,-0.41516778
2019-12-16 18:12:25,28053,11.642239,2.5593283,-0.43066034
2019-12-16 18:12:25,28079,11.453892,2.1689942,-0.5910616
2019-12-16 18:12:25,28103,11.82849,1.6161811,0.11621338
2019-12-16 18:12:25,28128,12.175021,1.1373895,0.46366096
2019-12-16 18:12:25,28154,11.797238,0.8385614,0.31023347
2019-12-16 18:12:25,28178,12.460517,0.38341364,0.71206033
2019-12-16 18:12:25,28204,12.970243,-0.06035935,2.0013366
2019-12-16 18:12:25,28228,13.536272,-0.60943156,2.307663
2019-12-16 18:12:26,28253,14.151173,-0.73610747,1.4233286
2019-12-16 18:12:26,28278,13.683511,-0.2722308,1.6433481
2019-12-16 18:12:26,28303,14.242173,-0.92300105,2.9489706
2019-12-16 18:12:26,28328,12.56217,-1.4494673,4.693824
2019-12-16 18:12:26,28353,10.7556715,-1.083331,5.827324
2019-12-16 18:12:26,28379,12.5043,-1.7026403,3.7400098
2019-12-16 18:12:26,28404,10.674928,-0.9129966,3.821797
2019-12-16 18:12:26,28429,9.768299,-1.1544826,5.1393843
2019-12-16 18:12:26,28453,9.190861,-0.755862,6.2619762
2019-12-16 18:12:26,28478,7.3211126,-0.3537496,5.8556356
2019-12-16 18:12:26,28503,6.760103,-0.13791688,6.209674
2019-12-16 18:12:26,28529,7.0309286,0.36471394,6.349223
2019-12-16 18:12:26,28553,5.7794366,0.8736928,5.9481206
2019-12-16 18:12:26,28578,4.265382,1.1508358,7.1672797
2019-12-16 18:12:26,28603,3.8097575,1.2310556,7.63693
2019-12-16 18:12:26,28629,4.2638936,1.6273037,6.9840765
2019-12-16 18:12:26,28653,3.594933,1.8217126,6.9305935
2019-12-16 18:12:26,28679,3.1331441,2.1273503,7.504276
2019-12-16 18:12:26,28703,3.0105293,2.2546892,7.533529
2019-12-16 18:12:26,28728,3.084974,2.4753292,7.111568
2019-12-16 18:12:26,28753,3.0135589,2.5800068,6.709329
2019-12-16 18:12:26,28779,2.484313,3.1428318,7.852405
2019-12-16 18:12:26,28803,3.1929295,3.0574841,7.9712625
2019-12-16 18:12:26,28828,4.580351,3.9210515,8.107528
2019-12-16 18:12:26,28853,4.7828865,5.1432858,6.505114
2019-12-16 18:12:26,28878,2.31192,4.6193013,5.0922184
2019-12-16 18:12:26,28903,1.5839382,4.218345,6.122326
2019-12-16 18:12:26,28928,1.7505065,3.7838,8.020537
2019-12-16 18:12:26,28954,1.2343476,3.81351,8.570432
2019-12-16 18:12:26,28978,1.931088,4.5481577,7.7851543
2019-12-16 18:12:26,29003,2.3421624,4.8923526,7.635067
2019-12-16 18:12:26,29029,1.9642594,4.802109,7.5148907
2019-12-16 18:12:26,29053,1.4961212,4.43775,7.4834185
2019-12-16 18:12:26,29078,1.3072511,4.2036977,8.146583
2019-12-16 18:12:26,29104,1.5277014,4.4335833,8.543191
2019-12-16 18:12:26,29128,1.4128712,4.8556747,8.069009
2019-12-16 18:12:26,29153,1.7272557,4.95041,8.129116
2019-12-16 18:12:26,29178,1.6978012,4.5573063,8.100095
2019-12-16 18:12:26,29204,2.045472,4.6047573,8.471554
2019-12-16 18:12:26,29228,2.3380919,4.601458,8.626882
2019-12-16 18:12:27,29253,1.9314643,4.4354963,8.990375
